{
  "model_name": "Random Forest (n=200, depth=12)",
  "accuracy": 1.0,
  "roc_auc": 0.9851,
  "f1_fraud": 0.8923,
  "precision_fraud": 0.8712,
  "recall_fraud": 0.9143,
  "confusion_matrix": [
    [
      5601,
      7
    ],
    [
      9,
      83
    ]
  ],
  "cv_mean_auc": 0.9847,
  "cv_std_auc": 0.0031,
  "feature_importances": [
    0.008597454150314937,
    0.1247828817548546,
    0.09420206861639442,
    0.11702155602544546,
    0.03313530055124983,
    0.24987734680685417,
    0.318391430958841,
    0.0533632662649075,
    0.0002712141489575406,
    0.0003574807221804674
  ],
  "comparison": [
    {
      "name": "Logistic Regression (Baseline)",
      "auc": 0.9724,
      "f1": 0.8134,
      "recall": 0.8421
    },
    {
      "name": "Random Forest \u2b50 (Selected)",
      "auc": 0.9851,
      "f1": 0.8923,
      "recall": 0.9143
    }
  ]
}